"0","project<-""Nick"" #Name this anything you want"
"0",""
"0",""
"0","colnames(experiment.data)[1:5] #look at cell name structure"
"1","[1]"
"1"," ""AAACCCAAGTCTGGTT-1"""
"1"," ""AAACCCATCATCGCTC-1"""
"1"," ""AAACCCATCATTACCT-1"""
"1"," ""AAACCCATCCCTGGTT-1"""
"1","
"
"1","[5]"
"1"," ""AAACCCATCTCCTGAC-1"""
"1","
"
"0","sobject <- CreateSeuratObject("
"0","        experiment.data,"
"0","        project = project, "
"0","        min.cells = 3, #minimum cells each gene is present in"
"0","        min.features = 50, #minimum genes per cell"
"0","        names.field = 2, #put the ""id"" from above into meta data"
"0","        names.delim = ""\\-"")"
"2","Feature names cannot have underscores ('_'), replacing with dashes ('-')"
"0","table(sobject$orig.ident)"
"1","
"
"1","    1 "
"1","    2 "
"1","    3 "
"1","    4 "
"1","
"
"1"," 5762 "
"1"," 1127 "
"1"," 4965 "
"1","11689 "
"1","
"
